"","GEOID","COLLEGES","DODSITE","BANKS","FIRESTATION","FORTUNE500","STATEGOV","NURSING","PRISON","PUBSCHOOLS","RUNWAYS"
"1","08014030200",0,0,1,0,0,0,0,0,2,0
"2","08035014504",0,0,3,1,0,0,2,0,4,0
"3","08101000904",0,0,0,1,0,0,2,0,3,0
"4","08101000905",0,0,1,0,0,0,6,0,0,0
"5","08101001200",0,0,0,0,0,0,0,0,1,0
"6","08101001800",0,0,0,0,0,0,0,0,1,0
"7","08101001900",0,0,0,1,0,0,1,0,1,0
"8","08101002000",0,0,0,0,0,0,1,0,1,0
"9","08101002100",0,0,0,1,0,0,0,0,0,0
"10","08101002200",0,0,0,0,0,0,1,0,0,0
"11","08013013004",0,0,0,1,0,0,0,0,1,0
"12","08013013005",0,0,2,1,0,0,0,0,1,0
"13","08013013006",0,0,0,0,0,0,1,0,2,0
"14","08013013205",0,0,2,1,0,0,0,0,3,0
"15","08013013207",0,0,0,1,0,0,1,0,1,0
"16","08031003701",0,0,0,0,0,0,1,0,1,0
"17","08031003702",0,0,0,0,0,0,0,0,0,0
"18","08031003703",0,0,0,1,0,0,1,0,1,0
"19","08031003800",0,0,23,0,0,0,2,0,1,0
"20","08031003901",0,0,3,0,0,0,0,0,1,0
"21","08031004102",0,0,2,0,0,0,1,0,1,0
"22","08031004103",0,0,0,0,0,0,0,0,1,0
"23","08031004104",0,0,0,0,0,0,0,0,3,0
"24","08005082300",0,0,0,0,0,0,0,0,0,0
"25","08005080800",0,0,1,0,0,0,0,0,1,0
"26","08005006502",0,0,0,0,0,0,1,0,1,0
"27","08005082600",0,1,0,0,0,0,0,0,1,0
"28","08005005628",0,0,0,0,0,0,4,0,0,0
"29","08005006711",0,0,1,1,0,0,4,0,1,0
"30","08031004601",0,0,0,0,0,0,0,0,2,0
"31","08031003402",0,0,0,1,0,0,0,0,1,0
"32","08031003602",0,0,0,1,0,0,1,0,3,0
"33","08101002300",0,0,0,0,0,0,1,0,2,0
"34","08101002500",0,0,0,0,0,0,1,0,1,0
"35","08101002600",0,0,0,0,0,0,4,0,1,0
"36","08101002700",0,0,0,1,0,0,0,0,3,0
"37","08101002801",0,0,2,0,0,0,3,0,2,0
"38","08013013302",0,0,7,0,0,0,1,0,1,0
"39","08013013305",0,0,0,0,0,0,0,0,1,0
"40","08013013307",0,0,2,0,0,0,2,0,2,0
"41","08013013308",0,0,0,0,0,0,6,0,1,0
"42","08013013401",0,0,2,0,0,0,0,0,1,0
"43","08013013208",0,0,1,1,0,0,2,0,1,0
"44","08013013210",1,0,3,1,0,0,0,0,8,0
"45","08013013211",0,0,4,1,0,0,0,0,0,0
"46","08017960600",0,0,2,2,0,0,1,0,4,0
"47","08101001400",0,0,0,0,0,0,1,0,0,0
"48","08101002808",0,0,0,0,0,0,0,0,0,0
"49","08101003004",1,0,2,0,0,0,1,0,0,0
"50","08101003104",0,0,1,1,0,0,0,0,3,0
"51","08101002400",0,0,0,0,0,0,1,0,0,0
"52","08101002807",0,0,3,0,0,0,0,0,0,0
"53","08013013402",0,0,0,0,0,0,1,0,1,0
"54","08029964600",0,0,2,1,0,0,1,0,3,1
"55","08029964700",0,0,0,0,0,0,1,0,0,0
"56","08029965200",0,0,2,1,0,0,0,0,3,0
"57","08029964900",0,0,2,0,0,0,4,0,5,0
"58","08029965000",0,0,3,2,0,0,0,0,3,1
"59","08029965100",0,0,5,1,0,0,1,1,4,0
"60","08029964800",0,0,0,0,0,0,0,1,0,3
"61","08013013701",0,0,0,11,0,0,0,0,2,0
"62","08013012103",0,0,0,0,0,0,1,0,1,0
"63","08013013702",0,0,1,12,0,0,0,0,2,0
"64","08013012710",0,0,4,2,0,0,1,0,3,0
"65","08013012707",0,0,0,0,0,0,0,1,0,1
"66","08013012605",1,0,2,1,0,0,0,0,0,0
"67","08013012201",0,0,0,0,0,0,0,1,1,0
"68","08013013201",0,0,2,0,0,0,1,0,0,0
"69","08013013601",0,0,1,3,0,0,0,0,2,0
"70","08013012800",0,0,2,1,0,0,0,0,3,0
"71","08013060700",0,0,4,0,0,0,1,0,2,0
"72","08013013602",0,0,0,2,0,0,0,0,0,0
"73","08013013306",1,0,5,0,0,0,3,0,1,0
"74","08043978100",0,1,0,1,0,0,0,0,1,0
"75","08043978200",0,0,2,1,0,0,1,0,3,2
"76","08043978500",0,0,0,1,0,0,7,0,1,0
"77","08043978600",0,0,7,0,0,0,0,0,4,0
"78","08043979000",0,0,0,6,0,0,0,0,2,0
"79","08043978300",0,0,2,0,0,0,0,1,2,0
"80","08043979200",1,0,0,0,0,0,0,0,0,0
"81","08043978400",0,0,2,1,0,0,0,1,0,0
"82","08014031200",0,0,1,0,0,0,0,0,0,0
"83","08043980100",0,0,0,0,0,0,0,1,0,0
"84","08043979100",0,0,0,1,0,0,2,0,1,0
"85","08043978800",0,0,0,1,0,0,0,0,1,0
"86","08043980300",0,0,0,0,0,0,0,7,0,0
"87","08031004801",0,0,2,0,0,0,0,0,1,0
"88","08031001902",2,0,1,1,0,0,0,0,0,0
"89","08031005001",0,0,4,1,0,0,2,0,3,0
"90","08041004502",0,0,0,1,0,0,0,0,1,0
"91","08041004902",0,0,0,0,0,0,1,0,1,0
"92","08041005800",0,0,1,0,0,0,1,0,0,0
"93","08041007500",0,0,0,0,0,0,1,0,3,0
"94","08041004503",0,0,1,1,0,0,0,0,2,0
"95","08041001500",0,0,0,0,0,0,3,0,2,0
"96","08041002800",0,0,0,0,0,1,1,0,2,0
"97","08041005700",0,0,0,0,0,0,0,0,2,0
"98","08041002502",0,0,0,1,0,0,1,1,3,0
"99","08041003303",0,0,3,1,0,0,5,0,0,0
"100","08041005501",0,0,0,0,0,0,0,0,0,0
"101","08041007400",0,0,2,1,0,0,0,0,5,0
"102","08041007000",0,0,3,1,0,0,1,0,2,0
"103","08041007800",1,0,1,0,0,0,2,0,0,0
"104","08005007107",0,0,3,0,0,0,0,0,3,0
"105","08005007103",0,0,0,0,0,0,0,0,0,0
"106","08005080500",0,0,0,0,0,0,0,0,0,0
"107","08005083900",0,0,0,0,0,0,2,0,0,0
"108","08041005000",0,0,0,0,0,0,4,0,1,0
"109","08041007300",0,0,3,1,0,0,1,0,2,0
"110","08041000101",0,0,1,0,0,0,7,0,1,0
"111","08041000102",1,0,0,0,0,0,2,0,0,0
"112","08041000202",0,0,3,1,0,0,0,0,1,0
"113","08041000301",0,0,0,0,0,0,6,0,2,0
"114","08041000400",0,0,0,1,0,0,1,0,2,0
"115","08041000500",0,0,0,0,0,0,0,0,0,0
"116","08041000600",0,0,0,0,0,0,1,0,4,0
"117","08041000700",0,0,0,0,0,0,0,0,2,0
"118","08041000800",0,0,0,0,0,0,4,0,2,0
"119","08041000900",0,0,0,1,0,0,0,0,1,0
"120","08041001000",1,0,0,0,0,0,2,0,0,0
"121","08041001101",0,0,0,0,0,0,0,0,0,0
"122","08041001104",0,0,0,0,0,0,1,0,2,0
"123","08041001301",0,0,1,1,0,0,1,0,1,0
"124","08013012508",0,0,1,0,0,0,1,0,1,0
"125","08013012509",1,0,2,1,0,0,1,0,3,0
"126","08013012511",1,0,1,0,0,0,3,0,1,0
"127","08013012603",0,0,0,0,0,0,0,0,1,0
"128","08013012701",0,0,0,2,0,0,1,0,0,0
"129","08101001100",0,0,0,1,0,0,0,0,1,0
"130","08101002903",0,0,5,1,0,0,1,0,1,0
"131","08013012705",0,0,2,1,0,0,0,0,1,0
"132","08013012708",0,0,0,0,0,0,0,0,0,0
"133","08013012709",0,0,0,0,0,0,0,0,1,0
"134","08013012903",0,0,2,0,0,0,0,0,0,0
"135","08101002906",0,0,0,1,0,0,0,0,0,0
"136","08101002802",0,0,0,1,0,0,0,0,1,0
"137","08101000800",0,0,0,0,0,0,0,0,1,0
"138","08101000902",0,0,2,0,0,0,1,0,2,0
"139","08101000903",1,0,0,0,0,0,0,0,0,0
"140","08013012904",0,0,0,0,0,0,3,0,1,0
"141","08013012905",0,0,1,0,0,0,1,0,1,0
"142","08013060900",0,0,1,0,0,0,1,0,2,0
"143","08013012907",0,0,0,1,0,0,0,0,1,0
"144","08013013003",0,0,2,1,0,0,0,0,2,0
"145","08101000600",0,0,0,0,0,0,3,0,0,0
"146","08031004404",0,0,0,0,0,0,0,0,0,0
"147","08031004403",1,0,0,0,0,0,0,0,1,0
"148","08001009603",0,0,0,0,0,0,1,0,2,0
"149","08001009604",0,0,3,1,0,0,2,0,4,0
"150","08041002900",0,0,1,1,0,0,0,0,5,0
"151","08041004009",0,0,1,1,0,0,0,0,0,0
"152","08031004304",0,0,1,1,0,0,3,0,1,0
"153","08005005627",0,0,0,0,0,0,3,0,1,0
"154","08005081300",0,0,1,0,0,0,0,0,2,0
"155","08005084000",0,0,0,0,0,0,1,0,0,0
"156","08041004100",0,0,0,0,0,0,0,0,3,0
"157","08041004508",0,0,1,1,0,0,0,0,2,0
"158","08041004701",1,0,0,1,0,0,1,0,0,0
"159","08041004702",0,0,0,0,0,0,0,0,0,0
"160","08041001302",0,0,0,0,0,0,0,0,0,0
"161","08001009608",0,0,1,0,0,0,0,0,1,0
"162","08001009607",0,0,0,0,0,0,1,0,3,0
"163","08014030500",0,0,2,1,0,0,0,0,1,0
"164","08014031000",0,0,2,0,0,0,0,0,2,0
"165","08041005201",0,0,0,0,0,0,2,0,0,0
"166","08041001600",1,0,3,0,0,0,1,0,1,0
"167","08041001700",0,0,0,0,0,0,2,0,1,0
"168","08005081200",0,0,0,0,0,0,0,0,0,0
"169","08005007101",0,0,2,2,0,0,1,0,5,0
"170","08005007500",0,0,0,0,0,0,1,0,1,0
"171","08041003906",2,0,3,0,0,0,1,0,5,0
"172","08041004703",0,0,1,0,0,0,0,0,2,0
"173","08041004800",1,0,4,0,0,0,0,0,1,0
"174","08005005551",0,0,0,1,0,0,0,0,1,0
"175","08005005630",1,0,1,1,0,0,6,0,0,0
"176","08005005552",0,0,0,0,0,0,0,0,5,0
"177","08005005553",0,0,1,1,0,0,0,0,0,0
"178","08005005611",0,0,1,0,0,0,8,0,2,0
"179","08005005612",0,0,0,1,0,0,1,0,2,0
"180","08005005614",0,0,2,0,0,0,3,0,1,0
"181","08005005619",0,0,1,0,0,0,2,0,2,0
"182","08005005620",0,0,3,0,0,0,0,0,0,0
"183","08001009553",0,0,0,0,0,0,0,0,3,0
"184","08005005621",0,0,0,0,0,0,3,0,1,0
"185","08041001800",0,0,0,0,0,0,0,0,1,0
"186","08005005622",0,0,0,0,0,0,0,0,0,0
"187","08005005624",0,0,0,0,0,0,2,0,2,0
"188","08005005625",0,0,0,0,0,0,8,0,1,0
"189","08005005626",0,0,4,0,0,0,2,0,2,0
"190","08005005629",0,0,1,0,0,0,0,0,0,0
"191","08005084700",0,0,1,1,0,0,1,0,1,0
"192","08005083400",0,0,0,0,0,0,1,0,1,0
"193","08005005631",0,0,1,0,0,0,1,0,0,0
"194","08005007703",0,0,0,0,0,0,2,0,1,0
"195","08079973600",0,0,1,1,0,0,0,0,1,1
"196","08041001900",0,0,1,0,0,0,2,0,1,0
"197","08041002000",0,0,4,0,0,0,0,0,1,0
"198","08013013202",0,0,0,0,0,0,0,0,0,0
"199","08013012401",1,0,1,1,0,0,1,0,2,0
"200","08013012510",0,0,0,1,0,0,0,0,1,0
"201","08085966400",0,0,5,1,0,0,5,0,5,0
"202","08069000201",0,0,1,0,0,0,0,0,1,0
"203","08099000200",0,0,5,1,0,0,1,1,0,0
"204","08099000300",1,0,1,1,0,0,0,0,5,0
"205","08105976700",0,0,4,1,0,0,3,0,6,0
"206","08071000200",1,0,0,0,0,0,0,0,2,0
"207","08071000500",0,0,3,0,0,0,1,1,0,0
"208","08071000300",0,0,1,8,0,0,0,0,2,0
"209","08071000400",0,0,2,1,0,0,1,0,2,0
"210","08071000100",0,0,0,4,0,0,0,0,2,0
"211","08069000503",1,0,0,0,0,0,0,0,1,0
"212","08069001308",0,0,0,0,0,0,2,0,0,0
"213","08069001709",0,0,7,2,0,0,1,0,3,2
"214","08069002010",0,0,0,0,0,0,0,0,0,0
"215","08069002402",0,0,0,10,0,0,0,0,1,0
"216","08069002502",0,0,2,1,0,0,1,0,3,0
"217","08069001808",0,0,0,0,0,0,1,0,2,0
"218","08069002801",0,0,4,1,0,0,2,0,0,0
"219","08069002503",0,0,0,1,0,0,0,0,0,0
"220","08069002802",0,0,1,1,0,0,1,0,4,0
"221","08014030700",0,0,0,0,0,0,1,0,0,0
"222","08014030400",0,0,0,0,0,0,1,0,1,0
"223","08031003202",0,0,0,0,0,0,2,0,0,0
"224","08031003203",0,0,1,0,0,0,0,0,0,0
"225","08031003300",0,0,1,0,0,0,0,0,1,0
"226","08031003401",0,0,0,0,0,0,0,0,1,0
"227","08027970100",0,0,1,7,0,0,1,1,3,0
"228","08014030100",0,0,1,0,0,0,0,0,1,0
"229","08014030000",0,0,1,1,0,0,0,0,1,0
"230","08014030300",0,0,4,0,0,0,1,0,0,0
"231","08014980200",0,0,0,0,0,0,0,0,0,0
"232","08115968300",0,0,2,3,0,0,2,0,5,1
"233","08069000600",1,0,0,0,0,0,0,0,0,0
"234","08069000700",0,0,0,1,0,0,0,0,2,0
"235","08069000901",0,0,3,1,0,0,2,0,3,0
"236","08069000902",0,0,0,0,0,0,0,0,2,0
"237","08069001004",0,0,0,0,0,0,1,0,1,0
"238","08069001007",1,0,8,0,0,0,0,0,0,0
"239","08069001008",0,0,4,0,0,0,0,0,2,0
"240","08069001903",0,0,0,8,0,0,0,0,0,0
"241","08069002600",0,0,0,1,0,0,0,0,0,0
"242","08069002700",0,0,3,1,0,0,2,0,4,0
"243","08069001902",0,0,2,0,0,0,2,0,1,0
"244","08069001003",0,0,3,0,0,0,0,0,1,0
"245","08069000300",0,0,0,0,0,0,0,0,3,0
"246","08069001301",0,0,0,2,0,0,0,0,2,0
"247","08069001109",0,0,1,0,0,0,0,0,1,0
"248","08069001009",0,0,2,1,0,0,5,0,1,0
"249","08091967600",0,0,4,5,0,0,0,0,6,0
"250","08069001010",0,0,1,0,0,0,3,0,1,0
"251","08069001104",0,0,2,0,0,0,0,0,2,0
"252","08069001106",0,0,0,0,0,0,0,0,1,0
"253","08069001107",0,0,0,1,0,0,0,0,1,0
"254","08069001110",1,0,0,0,0,0,0,0,1,0
"255","08069001111",1,0,2,0,0,0,3,0,0,0
"256","08035014133",0,0,0,0,0,0,0,0,1,0
"257","08069002300",0,0,0,5,0,0,2,0,0,0
"258","08069001112",0,0,0,0,0,0,0,0,2,0
"259","08069001113",0,0,0,0,0,0,1,0,2,0
"260","08069001114",1,0,1,0,0,0,0,0,1,0
"261","08069001304",0,0,0,2,0,0,0,0,0,0
"262","08069001305",0,0,4,0,0,0,0,0,0,0
"263","08069001306",0,0,5,1,0,0,0,0,0,0
"264","08069001601",0,0,0,0,0,0,1,0,1,0
"265","08069001708",0,0,0,0,0,0,0,0,0,0
"266","08069001602",0,0,4,2,0,0,0,0,1,0
"267","08069001704",0,0,2,0,0,0,4,0,2,0
"268","08069001706",0,0,4,0,0,0,1,0,3,0
"269","08069001707",0,0,0,1,0,0,0,0,1,0
"270","08069000100",0,0,10,0,0,0,1,0,0,0
"271","08069001804",0,0,1,1,0,0,0,0,2,0
"272","08069001806",0,0,0,0,0,0,1,0,2,0
"273","08069001807",0,0,1,0,0,0,0,0,1,0
"274","08077000800",0,0,0,0,0,0,1,4,3,0
"275","08077001702",0,0,1,1,0,0,7,0,3,0
"276","08077001301",0,0,1,1,0,0,0,0,3,0
"277","08077000900",0,0,9,0,0,0,0,1,4,0
"278","08077001200",0,0,0,2,0,0,0,0,0,0
"279","08077001800",0,0,1,4,0,0,0,0,6,0
"280","08077001403",0,0,0,0,0,0,5,0,1,0
"281","08069001901",0,0,2,0,0,0,1,0,2,0
"282","08077001001",0,0,1,0,0,0,4,0,1,0
"283","08077001402",0,0,0,1,0,0,0,0,2,0
"284","08077001600",1,0,0,1,0,0,3,0,1,2
"285","08077001101",0,0,1,0,0,0,0,0,2,0
"286","08077001501",0,0,4,1,0,0,3,0,5,0
"287","08077001102",0,0,0,0,0,0,0,0,1,0
"288","08077001404",0,0,1,0,0,0,1,0,1,0
"289","08077001705",0,0,2,1,0,0,3,0,1,0
"290","08123001412",0,0,4,0,0,0,2,0,1,0
"291","08123001409",1,0,4,0,0,0,0,0,1,0
"292","08105976800",0,0,1,2,0,0,1,1,3,0
"293","08013013503",0,0,0,0,0,0,0,0,0,0
"294","08005006501",2,0,1,1,0,0,1,0,0,0
"295","08005006857",0,0,0,0,0,0,0,0,0,0
"296","08031980100",1,0,2,0,0,0,0,0,5,0
"297","08087000100",0,0,0,2,0,0,0,0,2,3
"298","08087000700",0,0,5,1,0,0,5,1,4,0
"299","08087000200",0,0,1,2,0,0,0,0,3,0
"300","08087000600",1,0,0,0,0,0,0,0,1,0
"301","08087000400",1,0,0,0,0,0,3,0,3,0
"302","08087000500",0,0,6,1,0,0,0,1,4,0
"303","08087000800",0,0,0,1,0,0,0,0,0,1
"304","08087000300",0,0,0,0,0,0,0,0,0,0
"305","08085966300",1,0,5,2,0,0,0,1,4,2
"306","08085966100",0,0,1,4,0,0,0,0,4,2
"307","08059010901",0,0,3,0,0,0,3,0,1,0
"308","08059010902",0,0,0,0,0,0,0,0,0,0
"309","08059011000",0,0,0,0,0,0,6,0,2,0
"310","08059011100",0,0,2,0,0,1,4,0,4,0
"311","08059011202",1,0,2,1,0,0,3,0,4,0
"312","08059011300",0,0,0,1,0,0,0,0,2,0
"313","08059011550",0,0,1,1,0,0,6,0,1,0
"314","08003960000",0,0,1,3,0,0,0,0,2,0
"315","08003960200",2,0,8,3,0,0,3,0,3,0
"316","08003960100",0,0,0,0,0,0,0,0,0,0
"317","08003960300",0,0,0,0,0,0,0,1,1,1
"318","08059011601",0,0,0,0,0,0,2,0,0,0
"319","08059011602",0,0,1,0,0,0,1,0,1,0
"320","08059011701",0,0,2,0,0,0,2,0,1,0
"321","08059011708",0,0,0,0,0,0,0,0,1,0
"322","08059011709",0,0,0,0,0,0,0,0,1,0
"323","08059011710",0,0,0,0,0,0,1,0,1,0
"324","08059011711",0,0,1,0,0,0,1,0,2,0
"325","08059011712",0,0,0,0,0,0,0,0,3,0
"326","08005004951",0,0,0,0,0,0,0,0,0,0
"327","08005086500",0,0,1,0,0,0,2,0,1,0
"328","08005080600",1,0,0,0,0,0,0,0,3,0
"329","08005007106",0,0,0,1,0,0,1,0,2,0
"330","08005007104",1,1,0,2,0,0,0,1,4,1
"331","08005007105",0,0,0,1,0,0,1,0,2,0
"332","08005083800",0,0,0,0,0,0,4,0,0,0
"333","08059011720",0,0,0,2,0,0,0,0,0,0
"334","08059011721",1,0,1,0,0,0,0,0,1,0
"335","08009964700",0,0,3,3,0,0,1,1,4,1
"336","08009964600",0,0,1,5,0,0,2,0,7,0
"337","08059011724",0,0,0,1,0,0,1,0,0,0
"338","08059011725",0,0,0,0,0,0,0,0,1,0
"339","08059011726",0,0,1,0,0,0,0,0,0,0
"340","08059011727",0,0,2,0,0,0,2,0,2,0
"341","08055960600",0,0,2,1,0,0,0,2,2,0
"342","08039961100",0,0,0,3,0,0,1,0,4,0
"343","08039961204",0,0,0,5,0,0,1,0,2,0
"344","08039961205",0,0,0,1,0,0,0,0,3,0
"345","08041005109",0,0,1,1,0,0,0,0,2,0
"346","08065961900",0,0,0,0,0,0,0,0,0,0
"347","08041002501",0,0,0,0,0,0,0,0,2,0
"348","08041005400",0,0,0,0,0,0,0,0,4,0
"349","08041000203",1,0,0,0,0,0,0,0,1,0
"350","08041002400",0,0,0,0,0,0,7,0,1,0
"351","08041003400",0,0,0,5,0,0,0,0,1,0
"352","08041007900",0,0,4,0,0,0,1,0,1,0
"353","08041003705",2,1,0,1,0,0,0,0,1,0
"354","08041003909",0,0,1,2,0,0,0,0,8,1
"355","08041003905",1,0,4,0,0,0,1,0,0,0
"356","08041005104",0,0,5,1,0,0,0,0,3,2
"357","08041004300",0,0,0,0,0,0,5,0,2,0
"358","08041004507",0,0,1,1,0,0,0,0,3,0
"359","08041003707",0,0,0,1,0,0,0,0,0,0
"360","08041003902",0,0,0,0,0,0,0,0,4,0
"361","08041006700",0,0,2,1,0,0,2,0,3,0
"362","08041000302",0,0,1,0,0,0,0,3,1,0
"363","08041007700",0,0,0,1,0,0,1,0,0,0
"364","08041003706",0,0,0,1,0,0,0,0,1,0
"365","08041004506",0,0,0,0,0,0,0,0,2,0
"366","08041003702",0,0,0,0,0,0,1,0,1,0
"367","08041003100",0,0,2,1,0,0,5,0,2,0
"368","08041003709",1,0,2,1,0,0,3,0,1,0
"369","08097000100",0,0,2,5,0,0,0,0,1,1
"370","08001008538",0,0,1,0,0,0,0,0,2,0
"371","08001015000",0,0,1,1,0,0,0,0,0,0
"372","08055960900",0,0,0,5,0,0,1,0,3,3
"373","08097000500",1,0,1,4,0,0,0,0,1,1
"374","08097000402",0,0,2,1,0,0,1,0,4,0
"375","08097000401",0,0,8,0,0,0,0,1,0,0
"376","08059980400",0,0,0,0,0,0,0,3,0,0
"377","08077001707",0,0,1,0,0,0,0,0,1,0
"378","08077001706",0,0,0,0,0,0,0,0,1,0
"379","08031004107",0,0,6,2,0,0,1,0,6,0
"380","08031004106",0,0,0,0,0,0,0,3,6,0
"381","08031015500",0,0,0,0,0,1,1,0,0,0
"382","08041006502",0,0,0,0,0,0,0,0,2,0
"383","08109977600",0,0,1,7,0,0,0,1,3,1
"384","08109977700",0,0,0,0,0,0,0,0,5,1
"385","08031004602",0,0,0,0,0,0,3,0,6,0
"386","08031004603",0,0,0,0,0,0,0,0,2,0
"387","08031004700",0,0,0,1,0,0,3,0,3,0
"388","08039961206",0,0,0,1,0,0,0,0,1,0
"389","08039961207",0,0,0,1,0,0,0,0,1,0
"390","08039961208",0,0,2,0,0,0,3,0,4,0
"391","08039961209",0,0,1,2,0,0,0,1,2,0
"392","08047013800",0,0,0,8,0,0,0,1,2,0
"393","08077000200",0,0,0,0,0,0,0,0,4,0
"394","08077000300",0,0,8,1,0,0,0,0,0,0
"395","08077000400",1,0,2,1,0,0,1,0,3,0
"396","08077000500",1,0,1,0,0,0,4,0,1,0
"397","08077000601",1,0,0,1,0,0,4,0,1,0
"398","08077000602",1,0,1,0,0,0,1,0,1,0
"399","08077001002",0,0,1,0,0,0,4,0,0,0
"400","08077001302",0,0,0,0,0,0,1,0,2,0
"401","08077001502",0,0,0,1,0,0,0,0,2,1
"402","08123000600",0,0,0,0,0,0,0,2,2,0
"403","08123000701",0,0,0,0,0,0,1,0,1,0
"404","08123000800",1,0,1,0,0,0,3,0,0,0
"405","08123000900",1,0,0,0,0,0,0,0,1,0
"406","08077000700",0,0,2,0,0,0,1,0,2,0
"407","08077001900",0,0,0,3,0,0,1,0,1,0
"408","08001008535",0,0,0,1,0,0,0,0,1,0
"409","08001008540",0,0,0,0,0,0,0,0,2,0
"410","08001008541",0,0,0,1,0,0,0,0,0,0
"411","08001008551",0,0,0,0,0,0,0,0,0,0
"412","08123001201",0,0,1,0,0,0,0,0,1,0
"413","08001060000",0,0,1,0,0,0,0,0,2,0
"414","08001007801",0,0,1,1,0,0,0,0,1,0
"415","08001008539",0,0,2,0,0,0,0,0,3,0
"416","08001009326",0,0,0,0,0,0,0,0,0,0
"417","08123001202",0,0,2,0,0,0,3,0,0,0
"418","08083941100",0,0,0,1,0,0,0,0,0,0
"419","08005007702",0,0,0,0,0,0,1,0,3,0
"420","08005007704",0,0,0,0,0,0,0,0,1,0
"421","08023972600",0,0,0,2,0,0,0,0,1,1
"422","08001008533",0,0,1,0,0,0,2,0,0,0
"423","08001008534",0,0,1,0,0,0,0,0,1,0
"424","08001008603",0,0,1,0,0,0,0,0,1,0
"425","08001008604",0,0,1,0,0,0,1,2,3,0
"426","08001008605",0,0,1,0,0,0,0,0,5,0
"427","08001008606",0,0,4,1,0,0,0,0,1,0
"428","08031008388",0,0,1,1,0,0,0,0,10,0
"429","08001008523",0,0,4,2,0,0,0,0,1,0
"430","08123001005",0,0,2,0,0,0,0,0,1,0
"431","08001009309",0,0,0,0,0,0,0,0,2,0
"432","08001008537",0,0,0,0,0,0,0,0,3,0
"433","08001008705",0,0,0,0,0,0,1,0,3,0
"434","08001008901",0,0,0,3,0,0,0,0,2,0
"435","08001009321",0,0,0,0,0,0,0,0,0,0
"436","08001008402",0,0,1,3,0,0,1,0,4,0
"437","08001007900",0,0,0,0,0,0,1,0,4,0
"438","08001008401",0,0,3,3,0,0,0,0,4,2
"439","08001008802",0,0,0,0,0,0,0,0,1,0
"440","08001008353",0,0,0,1,0,0,0,0,2,0
"441","08001009103",0,0,0,0,0,0,0,0,0,0
"442","08001009408",1,0,2,0,0,0,0,0,1,0
"443","08001009606",0,0,1,1,0,0,0,0,0,0
"444","08049000202",0,0,4,5,0,0,0,1,1,0
"445","08001988700",0,1,0,0,0,0,0,0,1,0
"446","08001008706",0,0,2,1,0,0,1,0,3,0
"447","08001008801",0,0,0,1,0,0,2,0,1,0
"448","08001009001",0,0,0,0,0,0,1,0,2,0
"449","08001009002",0,0,0,1,0,0,2,0,1,0
"450","08001009101",0,0,0,0,0,0,0,0,9,0
"451","08001009104",0,0,0,0,0,0,0,0,1,0
"452","08001009202",0,0,0,0,0,0,0,0,3,0
"453","08001009203",0,0,6,0,0,0,1,0,1,0
"454","08001009204",0,0,1,0,0,0,0,0,0,0
"455","08001009304",0,0,1,0,0,0,3,0,4,0
"456","08001009306",0,0,0,1,0,0,0,0,1,0
"457","08093000200",0,0,0,1,0,0,0,0,0,0
"458","08001009307",0,0,0,0,0,0,0,0,5,0
"459","08001009308",1,0,0,0,0,0,0,0,1,0
"460","08093000100",0,0,0,4,0,0,0,0,3,0
"461","08093000300",0,0,1,2,0,0,0,1,3,0
"462","08093000400",0,0,0,9,0,0,0,0,0,0
"463","08093000500",0,0,0,11,0,0,0,0,2,0
"464","08101002911",0,0,0,0,0,0,0,0,3,0
"465","08101002913",0,0,0,0,0,0,0,0,1,0
"466","08101002918",0,1,2,1,0,0,0,0,1,0
"467","08101003105",0,0,0,1,0,0,0,0,1,0
"468","08101003106",0,0,0,0,0,0,0,0,0,0
"469","08101002917",0,0,0,0,0,0,1,0,0,0
"470","08101002914",0,0,1,1,0,0,1,0,4,0
"471","08101002916",0,0,0,0,0,0,1,0,0,0
"472","08101003600",0,1,0,5,0,0,2,0,1,3
"473","08075966200",1,0,4,1,0,0,0,0,0,0
"474","08075966000",0,0,0,2,0,0,0,0,2,0
"475","08075966100",0,0,4,0,0,0,2,0,4,1
"476","08075966400",0,0,1,1,0,0,0,2,2,0
"477","08075966300",0,0,0,0,0,0,5,0,1,0
"478","08075965900",0,0,0,2,0,0,0,0,4,0
"479","08001009310",0,0,0,0,0,0,0,0,1,0
"480","08001009316",0,0,0,1,0,0,0,0,2,0
"481","08001009318",0,0,0,0,0,0,0,0,3,0
"482","08001009319",0,0,0,0,0,0,1,0,0,0
"483","08035014005",1,0,2,1,0,0,1,0,3,0
"484","08021974900",0,0,1,6,0,0,1,0,6,0
"485","08021974800",0,0,0,3,0,0,0,1,4,0
"486","08067970703",0,0,1,2,0,0,1,0,1,0
"487","08067970704",0,0,0,7,0,0,0,0,1,0
"488","08099000100",0,0,1,1,0,0,0,0,3,0
"489","08099000600",0,0,1,1,0,0,1,0,3,0
"490","08057955600",0,0,1,5,0,0,0,0,1,2
"491","08095967600",0,0,3,3,0,0,2,1,3,1
"492","08095967700",0,0,1,1,0,0,0,0,2,1
"493","08113968101",0,0,4,1,0,0,0,0,4,0
"494","08059011728",0,0,0,0,0,0,0,0,1,0
"495","08059011729",0,0,0,0,0,0,1,0,0,0
"496","08059011730",0,0,0,1,0,0,0,0,1,0
"497","08059011731",0,0,0,0,0,0,0,0,1,0
"498","08123001600",0,0,1,2,0,0,0,0,4,1
"499","08123000200",1,0,0,0,0,0,1,0,0,0
"500","08123002502",0,0,2,5,0,0,2,0,5,0
"501","08123001500",0,0,2,1,0,0,0,0,4,1
"502","08123000502",0,0,0,0,0,0,0,0,0,0
"503","08123002300",0,0,1,2,0,0,0,0,3,0
"504","08123001700",0,0,1,2,0,0,0,0,4,0
"505","08123002501",0,0,0,7,0,0,4,0,5,0
"506","08123001800",0,0,2,1,0,0,0,0,2,0
"507","08123001100",0,0,1,1,0,0,0,0,2,0
"508","08031000201",0,0,0,0,0,0,1,0,1,0
"509","08031003003",1,0,1,0,0,0,0,0,1,0
"510","08031004201",0,0,1,0,0,0,1,0,1,0
"511","08031000402",0,0,2,0,0,0,5,0,6,0
"512","08031007006",0,0,1,0,0,0,0,0,0,0
"513","08031012010",0,0,0,0,0,0,0,0,1,0
"514","08031000303",0,0,3,0,0,0,3,0,0,0
"515","08031002703",0,0,0,0,0,0,0,0,1,0
"516","08059011803",0,0,0,0,0,0,0,0,2,0
"517","08059011804",0,0,1,0,0,0,2,0,0,0
"518","08059011951",0,0,0,0,0,0,1,0,0,0
"519","08031003902",0,0,1,0,0,0,0,0,3,0
"520","08031004002",0,0,1,0,0,0,1,0,1,0
"521","08031004003",0,0,2,0,0,0,0,0,1,0
"522","08031004004",0,0,0,0,0,0,0,0,1,0
"523","08059012023",0,0,0,0,0,0,0,0,2,0
"524","08059012024",0,0,5,1,0,0,1,0,2,0
"525","08031004202",1,0,0,0,0,0,1,0,2,0
"526","08031004301",0,0,1,0,0,0,0,0,0,0
"527","08031004302",0,0,0,0,0,0,3,0,1,0
"528","08031004005",1,0,3,0,0,0,2,0,0,0
"529","08031004006",1,0,4,1,0,0,0,0,1,0
"530","08031004101",0,0,2,0,0,0,2,0,1,0
"531","08031004303",0,0,0,0,0,0,0,0,3,0
"532","08059012038",0,0,0,0,0,0,0,0,1,0
"533","08059012039",0,0,0,0,0,0,1,0,0,0
"534","08059012041",0,0,1,0,0,0,1,0,1,0
"535","08059012043",0,0,1,0,0,0,1,0,1,0
"536","08031000702",0,0,0,0,0,0,1,0,4,0
"537","08031000800",0,0,0,0,0,0,0,0,1,0
"538","08031000902",0,0,0,0,0,0,0,0,1,0
"539","08031000903",0,0,1,1,0,0,0,0,1,0
"540","08059012046",0,0,1,0,0,0,0,0,2,0
"541","08059012047",0,0,2,0,0,0,0,0,0,0
"542","08059012048",0,0,0,0,0,0,1,0,1,0
"543","08059012049",0,0,0,0,0,0,4,0,1,0
"544","08059012051",0,0,2,1,0,0,10,0,2,0
"545","08059012053",0,0,1,0,0,0,3,0,1,0
"546","08059012054",0,0,2,1,0,0,1,0,1,0
"547","08059012044",0,0,1,0,0,0,1,0,3,0
"548","08059012055",0,0,2,0,0,0,4,0,0,0
"549","08059012057",0,0,2,0,0,0,2,0,1,0
"550","08059009900",0,0,1,0,0,0,0,0,0,0
"551","08059012026",0,0,0,2,0,0,0,0,1,0
"552","08059012036",0,0,0,3,0,0,0,0,0,0
"553","08031000905",0,0,0,0,0,0,0,0,1,0
"554","08123000401",1,0,1,0,0,0,1,0,0,0
"555","08123000300",1,0,0,0,0,0,0,0,0,0
"556","08123000402",0,0,0,0,0,0,0,0,4,0
"557","08031001000",0,0,0,0,0,0,0,0,1,0
"558","08031001101",0,0,2,0,0,0,0,0,3,0
"559","08031001102",0,0,1,0,0,0,0,0,1,0
"560","08031003603",0,0,0,0,0,0,0,0,2,0
"561","08059011904",0,0,1,0,0,0,4,0,2,0
"562","08101002804",0,0,1,2,0,0,0,0,3,0
"563","08101000200",0,0,0,0,0,0,0,1,1,0
"564","08101003103",0,0,2,1,0,0,0,0,1,0
"565","08101002806",0,0,1,3,0,0,0,0,3,0
"566","08101003001",0,0,0,0,0,0,0,0,0,0
"567","08101002901",0,0,0,0,0,0,3,0,1,0
"568","08101001000",0,0,0,0,0,0,1,0,1,0
"569","08101003200",0,0,0,2,0,0,0,0,4,0
"570","08014980100",0,0,0,0,0,0,0,0,0,0
"571","08089968600",2,0,6,1,0,0,0,1,2,0
"572","08089968300",1,0,0,1,0,0,2,0,3,0
"573","08089968400",0,1,0,1,0,0,0,0,2,0
"574","08089968000",0,0,2,1,0,0,1,0,3,0
"575","08089968500",0,0,0,1,0,0,0,0,1,2
"576","08089968200",0,0,0,0,0,0,2,0,3,0
"577","08113968103",0,0,0,1,0,0,0,1,0,1
"578","08113968102",0,0,2,1,0,0,0,0,0,0
"579","08089968100",0,0,4,1,0,0,0,0,0,0
"580","08063962200",0,0,1,2,0,0,2,0,3,0
"581","08063962300",0,0,1,2,0,0,1,0,2,0
"582","08063962100",0,0,6,1,0,0,2,2,4,1
"583","08107000500",1,0,2,2,0,0,0,0,6,0
"584","08107000700",0,0,4,1,0,0,2,0,0,0
"585","08107000200",0,0,1,2,0,0,1,0,3,1
"586","08107000100",0,0,0,2,0,0,0,0,1,0
"587","08107000300",0,0,1,2,0,0,0,0,2,0
"588","08107000400",0,0,1,0,0,0,0,1,1,1
"589","08107000600",0,0,2,0,0,0,0,0,0,0
"590","08083969000",0,0,1,3,0,0,1,0,4,0
"591","08083969300",0,0,5,3,0,0,4,1,4,0
"592","08083969200",0,0,0,5,0,0,0,0,3,0
"593","08083969600",0,0,1,2,0,0,1,0,0,1
"594","08083969400",1,0,2,0,0,0,1,0,4,0
"595","08083969100",0,0,1,3,0,0,1,0,4,0
"596","08035014138",0,0,1,0,0,0,0,0,1,0
"597","08035014134",0,0,1,0,0,0,1,0,2,0
"598","08035014132",0,0,0,0,0,0,1,0,2,0
"599","08035014140",0,0,0,0,0,0,0,0,1,0
"600","08035013910",0,0,0,0,0,0,0,0,0,0
"601","08123002013",0,0,1,0,0,0,0,0,0,0
"602","08123000705",0,0,0,2,0,0,0,0,0,2
"603","08041003308",0,0,2,0,0,0,0,0,2,0
"604","08041004511",0,1,1,2,0,0,0,0,6,0
"605","08041005108",0,0,1,0,0,0,1,0,3,0
"606","08041006902",0,0,0,0,0,0,0,0,0,0
"607","08041004705",0,0,0,0,0,0,0,0,2,0
"608","08041005107",0,0,0,0,0,0,0,0,0,0
"609","08001061200",0,0,2,0,0,0,0,0,0,0
"610","08001008543",0,0,1,1,0,0,5,0,3,0
"611","08001008542",0,0,0,0,0,0,0,0,2,0
"612","08031015400",1,0,1,0,0,0,0,0,0,0
"613","08031004405",1,0,1,0,0,0,4,0,2,0
"614","08005004952",1,0,3,1,0,1,0,0,0,0
"615","08123001406",0,0,2,0,0,0,1,0,0,0
"616","08123001405",0,0,0,0,0,0,0,0,1,0
"617","08123001006",0,0,0,1,0,0,4,0,3,0
"618","08123000703",0,0,1,1,0,0,1,0,2,0
"619","08043980200",0,0,0,0,0,0,0,4,0,0
"620","08013060600",0,0,1,1,0,0,0,0,0,0
"621","08013012608",1,0,0,0,0,0,1,0,2,0
"622","08013013213",0,0,0,0,0,0,0,0,5,1
"623","08013012607",0,0,0,0,0,0,1,0,0,0
"624","08013013505",0,0,0,1,0,0,0,0,0,0
"625","08013060800",0,0,1,0,0,0,4,0,3,0
"626","08041003306",0,1,0,2,0,0,0,0,1,0
"627","08041004403",0,1,0,2,0,0,0,0,0,2
"628","08041004401",0,1,1,1,0,0,0,0,4,0
"629","08041003305",0,1,2,1,0,0,1,0,1,0
"630","08041003307",0,0,0,0,0,0,0,0,2,0
"631","08041003802",1,1,0,0,0,0,0,0,0,0
"632","08041007602",0,0,0,1,0,0,0,0,0,0
"633","08041007601",0,0,0,1,0,0,1,0,2,0
"634","08041004602",0,1,0,5,0,0,0,0,10,0
"635","08041004603",0,1,1,2,0,0,1,0,1,0
"636","08041004706",0,0,1,1,0,0,0,0,1,0
"637","08041005106",0,0,1,0,0,0,0,0,3,0
"638","08041007102",0,0,2,0,0,0,4,0,5,0
"639","08041007201",1,0,3,0,0,0,2,0,8,0
"640","08041007101",0,0,3,0,0,0,2,0,2,0
"641","08041003801",1,1,1,1,0,0,0,0,2,0
"642","08025969600",0,0,1,5,0,0,1,3,3,0
"643","08043979400",0,0,0,3,0,0,2,0,0,0
"644","08037000503",0,0,6,2,0,0,0,0,1,0
"645","08037000401",1,0,3,0,0,0,0,0,6,0
"646","08037000701",0,0,0,0,0,0,0,0,0,0
"647","08037000403",0,0,5,2,0,0,2,1,5,0
"648","08037000302",0,0,2,0,0,0,0,0,2,0
"649","08037000502",0,0,0,2,0,0,0,0,1,0
"650","08037000501",0,0,0,1,0,0,0,0,0,0
"651","08037000402",0,0,3,3,0,0,0,0,1,0
"652","08037000702",0,0,4,2,0,0,0,0,0,0
"653","08037000301",0,0,4,1,0,0,0,0,0,0
"654","08037000703",0,0,2,0,0,0,0,0,1,0
"655","08123001415",0,0,0,0,0,0,0,0,0,0
"656","08123002008",0,0,0,0,0,0,1,0,1,0
"657","08123002016",0,0,0,1,0,0,0,0,0,0
"658","08123001413",0,0,2,0,0,0,0,0,1,0
"659","08123000704",0,0,0,0,0,0,0,0,0,0
"660","08123002020",0,0,3,1,0,0,0,0,2,0
"661","08123002021",0,0,0,0,0,0,0,0,0,0
"662","08123001905",0,0,1,0,0,0,2,0,1,0
"663","08123002011",0,0,0,0,0,0,0,0,0,0
"664","08123002015",0,0,0,0,0,0,0,0,0,0
"665","08123002017",0,0,0,1,0,0,0,0,0,0
"666","08123002204",0,0,2,0,0,0,0,0,0,0
"667","08123002205",0,0,0,0,0,0,3,0,2,0
"668","08123002206",0,0,5,0,0,0,2,0,1,0
"669","08123002210",0,0,0,0,0,0,0,0,0,0
"670","08123002207",0,0,3,1,0,0,0,0,3,0
"671","08123001003",0,0,2,0,0,0,0,0,0,0
"672","08123001908",0,0,1,1,0,0,0,0,0,0
"673","08123001414",0,0,1,0,0,0,0,0,1,0
"674","08123002012",0,0,0,0,0,0,0,0,2,0
"675","08041004601",0,0,0,2,0,0,0,0,0,2
"676","08041006301",0,0,0,0,0,0,1,0,2,0
"677","08041006802",0,0,3,0,0,0,0,0,3,0
"678","08041006801",0,0,1,0,0,0,1,0,1,0
"679","08067970701",0,0,0,5,0,0,0,0,1,0
"680","08067971100",1,0,13,3,0,0,0,2,8,0
"681","08067971000",0,0,2,0,0,0,0,0,2,0
"682","08067970800",1,0,0,1,0,0,0,0,1,0
"683","08067940300",0,0,1,4,0,0,0,1,3,0
"684","08067970600",0,0,2,9,0,0,1,0,3,0
"685","08067970900",0,0,1,0,0,0,2,0,2,0
"686","08067940400",0,0,0,6,0,0,1,0,2,2
"687","08125963100",0,0,3,7,0,0,2,1,5,1
"688","08125963200",0,0,5,4,0,0,2,0,5,1
"689","08045951701",0,0,2,1,0,0,2,0,2,1
"690","08045951901",0,0,0,1,0,0,0,0,1,0
"691","08107000800",0,0,0,3,0,0,0,0,2,0
"692","08005007400",0,0,1,0,0,0,0,0,6,0
"693","08005007600",0,0,0,1,0,0,2,0,0,0
"694","08059009847",0,0,1,1,0,0,0,0,2,0
"695","08059012034",0,0,0,1,0,0,0,0,0,0
"696","08059009837",0,0,0,0,0,0,0,0,0,0
"697","08059009828",0,0,0,0,0,0,3,0,3,0
"698","08059012058",0,0,0,4,0,0,0,0,1,0
"699","08059012027",0,0,0,2,0,0,1,0,1,0
"700","08059010403",0,0,0,0,0,0,0,0,4,0
"701","08059012050",0,0,1,0,0,0,2,0,1,0
"702","08059010603",0,0,4,1,0,0,2,0,1,0
"703","08059012045",0,0,0,0,0,0,0,0,0,0
"704","08059012030",0,0,0,1,0,0,0,0,2,0
"705","08059012035",0,0,0,0,0,0,0,0,2,0
"706","08059009841",0,0,0,1,0,0,2,0,1,0
"707","08059009815",0,0,1,0,0,0,0,0,1,0
"708","08059011702",0,0,0,1,0,0,4,0,2,0
"709","08005007201",1,0,0,0,0,0,3,0,1,0
"710","08005007202",0,0,0,0,0,0,0,0,3,0
"711","08031003201",0,0,0,0,0,0,0,0,0,0
"712","08059060500",0,0,0,1,0,0,0,0,2,3
"713","08059010701",0,0,0,0,0,0,3,0,0,0
"714","08059012032",0,0,4,1,0,0,0,0,2,0
"715","08059009846",0,0,5,0,0,0,0,0,1,0
"716","08059009845",0,0,0,2,0,0,0,0,1,0
"717","08059009848",0,0,3,2,0,0,2,0,1,0
"718","08059009806",0,0,0,1,0,0,0,0,3,0
"719","08059009808",0,0,0,6,0,0,0,0,2,0
"720","08059980000",0,0,1,0,0,0,0,0,0,0
"721","08059009829",0,0,0,0,0,0,0,0,2,0
"722","08059010306",0,0,0,0,0,0,0,0,3,0
"723","08059012033",0,0,2,4,0,0,0,0,0,0
"724","08059012022",0,0,2,1,0,0,1,0,2,0
"725","08059011723",0,0,3,1,0,0,2,0,1,0
"726","08059009840",0,0,0,0,0,0,2,0,1,0
"727","08059009843",0,0,0,1,0,0,2,0,0,0
"728","08059012031",0,0,0,1,0,0,0,0,0,0
"729","08059012037",0,0,0,2,0,0,0,0,1,0
"730","08059012042",0,0,1,0,0,0,3,0,1,0
"731","08059009839",0,0,1,0,0,0,0,0,0,0
"732","08059009842",0,0,3,1,0,0,1,0,2,0
"733","08059010000",1,0,5,2,0,0,0,2,4,0
"734","08059010100",0,0,1,2,0,0,0,1,2,0
"735","08059010205",0,0,0,0,0,0,2,0,1,0
"736","08121924200",0,0,4,1,0,0,1,1,2,3
"737","08121924100",0,0,1,4,0,0,0,0,9,0
"738","08045952100",0,0,2,3,0,0,1,0,4,0
"739","08045951600",0,0,1,2,0,0,0,0,2,0
"740","08045951802",0,0,0,1,0,0,1,0,1,0
"741","08059012052",0,0,1,0,0,0,1,0,1,0
"742","08059009807",0,0,1,0,0,0,0,0,0,0
"743","08059060400",0,0,3,0,0,0,0,0,1,0
"744","08059009827",0,0,2,0,0,0,1,0,3,0
"745","08059009830",0,0,1,1,0,0,0,0,1,0
"746","08059010206",0,0,1,0,0,0,2,0,1,0
"747","08059010208",0,0,2,1,0,0,2,0,3,0
"748","08059010209",0,0,0,0,0,0,0,0,1,0
"749","08059010210",0,0,0,1,0,0,5,0,1,0
"750","08059010211",0,0,0,0,0,0,6,0,1,0
"751","08059010212",0,0,0,0,0,0,9,0,1,0
"752","08059010213",0,0,1,0,0,0,2,0,1,0
"753","08059010303",0,0,0,0,0,0,2,0,3,0
"754","08105977000",0,0,1,2,0,0,0,0,3,5
"755","08059009831",0,0,2,0,0,0,0,0,0,0
"756","08059009832",0,0,1,0,0,0,0,0,1,0
"757","08059009833",0,0,0,1,0,0,1,0,1,0
"758","08059009834",0,0,2,0,0,0,0,0,1,0
"759","08059009835",0,0,0,0,0,0,0,0,1,0
"760","08059009836",0,0,0,1,0,0,1,0,2,0
"761","08059010304",0,0,0,0,0,0,1,0,1,0
"762","08059010305",0,0,2,0,0,0,0,0,0,0
"763","08059010307",0,0,1,0,0,0,0,0,1,0
"764","08059010308",1,0,1,2,0,0,2,0,2,0
"765","08059010402",0,0,1,0,0,0,6,0,0,0
"766","08059010405",0,0,1,0,0,0,0,0,0,0
"767","08059010406",0,0,3,0,0,0,1,0,1,0
"768","08033000100",0,0,1,3,0,0,0,0,3,1
"769","08059009838",0,0,2,0,0,0,0,0,1,0
"770","08059010502",0,0,1,0,0,0,7,0,3,0
"771","08059010503",0,0,1,1,0,0,2,0,2,0
"772","08059010504",0,0,1,0,0,0,3,0,0,0
"773","08059010604",0,0,3,1,0,0,1,0,0,0
"774","08059010702",0,0,0,0,0,0,3,0,0,0
"775","08059010801",0,0,0,0,0,0,1,0,2,0
"776","08041004200",0,0,1,1,0,0,0,0,3,0
"777","08041004501",1,0,1,1,0,0,0,3,5,0
"778","08041002101",1,0,2,1,0,0,5,0,2,0
"779","08041002102",0,0,0,0,0,0,0,0,2,0
"780","08041002200",0,0,3,0,0,0,0,0,1,0
"781","08041002700",0,0,0,0,0,0,4,0,2,0
"782","08049000100",0,0,2,2,0,0,1,0,2,1
"783","08071000800",0,1,0,4,0,0,0,1,5,2
"784","08123001300",0,0,0,1,0,0,1,0,2,0
"785","08123001404",0,0,0,1,0,0,0,0,1,0
"786","08123001902",0,0,0,1,0,0,1,0,1,2
"787","08123000100",0,0,3,1,0,0,1,0,1,0
"788","08117000300",0,0,6,3,0,0,0,0,3,0
"789","08117000100",0,0,2,1,0,0,0,0,1,0
"790","08117000200",1,0,3,4,0,0,0,0,2,0
"791","08061960100",0,0,1,5,0,0,1,0,5,1
"792","08031005002",0,0,1,0,0,0,2,0,2,0
"793","08014030600",0,0,0,0,0,0,0,0,2,0
"794","08037000100",0,0,0,1,0,0,0,0,0,0
"795","08037000600",0,0,0,3,0,0,0,0,1,0
"796","08037000200",0,0,2,2,0,0,0,0,5,1
"797","08119010105",0,0,0,5,0,0,0,0,1,0
"798","08119010201",0,0,1,4,0,0,1,0,2,0
"799","08119010104",0,0,4,1,0,0,1,0,0,0
"800","08119010202",0,0,0,1,0,0,0,0,0,0
"801","08119010106",0,0,0,2,0,0,0,1,0,0
"802","08119010103",0,0,0,2,0,0,1,0,4,0
"803","08123002208",0,0,1,1,0,0,0,0,2,0
"804","08123001906",0,0,0,0,0,0,0,0,0,0
"805","08123002010",0,0,0,0,0,0,0,0,0,0
"806","08041001400",0,0,0,1,0,0,0,0,2,0
"807","08001008529",0,0,5,1,0,0,1,0,3,0
"808","08065961700",1,0,3,2,0,0,0,1,5,1
"809","08005005635",0,0,0,1,0,0,7,0,2,0
"810","08005006713",0,0,2,0,0,0,0,0,0,0
"811","08007974300",0,0,3,1,0,0,0,1,3,0
"812","08007974200",0,0,4,2,0,0,2,0,0,0
"813","08007974400",0,0,0,6,0,0,0,0,1,1
"814","08007940400",0,0,0,1,0,0,0,0,0,0
"815","08005084600",0,0,1,0,0,0,1,0,1,0
"816","08005005636",0,0,0,0,0,0,0,0,1,0
"817","08031001701",4,0,20,0,1,0,2,0,0,0
"818","08031001702",4,0,21,2,0,2,0,0,1,0
"819","08031001800",0,0,0,0,0,0,0,0,6,0
"820","08005086200",0,0,1,0,0,0,1,0,1,0
"821","08005085400",0,0,3,0,0,0,2,0,1,0
"822","08031002000",0,0,1,0,0,0,0,1,1,0
"823","08031002402",0,0,0,1,0,0,1,0,0,0
"824","08005005633",0,0,1,0,0,0,0,0,0,0
"825","08005005634",0,0,3,0,0,0,1,0,1,0
"826","08045951804",0,0,3,0,0,0,0,0,1,0
"827","08045951803",1,0,1,2,0,0,2,0,5,0
"828","08005005700",0,0,5,0,0,0,0,0,1,0
"829","08005005800",0,0,0,0,0,0,0,0,0,0
"830","08005005951",0,0,2,0,0,0,5,0,1,0
"831","08005005952",0,0,1,0,0,0,2,0,0,0
"832","08005006000",0,0,0,1,0,0,1,0,1,0
"833","08005084900",0,0,2,0,0,0,0,0,0,0
"834","08014030900",0,0,2,0,0,0,0,0,3,0
"835","08123002009",0,0,0,0,0,0,0,0,1,0
"836","08005006712",1,0,5,0,1,0,0,0,1,0
"837","08005006858",0,0,13,0,0,0,4,0,2,0
"838","08031005104",1,0,1,0,0,0,4,0,1,0
"839","08031003500",0,0,0,1,0,0,0,0,2,0
"840","08031002701",1,0,1,0,0,3,1,0,0,0
"841","08031005200",0,0,0,0,0,0,1,0,1,0
"842","08031006814",0,0,1,0,0,0,0,0,1,0
"843","08031001500",0,0,1,0,0,0,2,0,1,0
"844","08031002100",0,0,2,1,0,0,0,0,2,0
"845","08031002403",0,0,2,0,0,0,0,0,2,0
"846","08031002601",1,0,5,0,0,6,0,0,1,0
"847","08031002602",0,0,2,0,0,0,1,0,0,0
"848","08031002702",0,0,1,0,0,0,1,0,3,0
"849","08005006100",0,0,0,0,0,0,1,0,2,0
"850","08031002801",0,0,2,0,0,0,0,0,0,0
"851","08031002802",0,0,2,0,0,0,1,0,0,0
"852","08031002803",0,0,0,0,0,0,1,0,3,0
"853","08005005623",0,0,0,0,0,0,0,0,0,0
"854","08005087200",0,0,0,1,0,0,3,0,0,0
"855","08005006200",0,0,1,0,0,0,0,0,0,0
"856","08005006300",0,0,2,0,0,0,0,0,1,0
"857","08005006400",0,0,0,2,0,0,0,0,2,0
"858","08005006601",0,0,1,0,0,0,1,0,1,0
"859","08005082100",0,0,0,0,0,0,0,0,2,0
"860","08005082700",0,0,2,0,0,0,1,0,1,0
"861","08045952002",1,0,5,3,0,0,2,2,4,1
"862","08045952001",0,0,0,0,0,0,1,0,1,0
"863","08005086800",0,0,0,0,0,0,0,0,1,0
"864","08005086400",0,0,0,0,0,0,0,0,2,0
"865","08005006855",0,0,0,0,0,0,2,0,1,0
"866","08005082800",0,0,0,1,0,0,1,0,1,0
"867","08005083500",0,0,1,0,0,0,0,0,2,0
"868","08005083300",0,0,1,0,0,0,1,0,2,0
"869","08005006603",0,0,0,1,0,0,1,0,2,0
"870","08005006604",0,0,1,0,0,0,0,0,1,0
"871","08005006704",0,0,1,1,0,0,0,0,1,0
"872","08005006705",0,0,0,0,0,0,0,0,0,0
"873","08005006706",0,0,0,1,0,0,0,0,1,0
"874","08005006707",0,0,5,0,1,0,5,0,2,0
"875","08005006708",0,0,1,0,0,0,1,0,0,0
"876","08005006709",0,0,2,0,0,0,1,0,1,0
"877","08059009849",1,0,2,1,0,0,1,0,3,0
"878","08005015100",0,0,0,1,0,0,10,0,2,0
"879","08041006302",1,0,0,0,0,0,0,0,0,0
"880","08041005111",0,0,0,0,0,0,0,0,0,0
"881","08041004402",1,1,1,2,0,0,0,0,1,0
"882","08041007202",1,0,2,2,0,0,0,0,1,0
"883","08041004510",0,0,0,0,0,0,0,0,1,0
"884","08041006901",0,0,1,1,0,0,0,0,1,0
"885","08031015300",0,0,0,0,0,0,0,0,0,0
"886","08005006808",0,0,0,0,0,0,5,0,0,0
"887","08005006815",1,0,3,1,0,0,1,0,2,0
"888","08005006854",0,0,2,0,0,0,0,0,3,0
"889","08005080200",0,0,2,0,0,0,2,0,2,0
"890","08005081800",0,0,0,0,0,0,2,0,2,0
"891","08005081900",0,0,0,1,0,0,1,0,3,0
"892","08123001411",1,0,1,0,0,0,0,0,1,0
"893","08005080000",0,0,0,0,0,0,0,0,0,0
"894","08005080100",0,0,2,0,0,0,4,0,1,0
"895","08031002901",0,0,0,0,0,0,0,0,1,0
"896","08035014139",0,0,1,1,0,0,0,0,5,0
"897","08005080900",0,0,0,0,0,0,0,0,3,0
"898","08005080700",1,0,0,1,0,0,4,0,0,0
"899","08005080300",0,0,2,1,0,0,2,0,1,0
"900","08005080400",0,0,3,0,0,0,0,0,1,0
"901","08005081600",0,0,1,0,0,0,2,0,0,0
"902","08005082500",0,0,0,0,0,0,0,0,2,0
"903","08031002902",0,0,0,0,0,0,0,0,0,0
"904","08031003001",0,0,2,1,0,0,0,0,2,0
"905","08031003002",1,0,0,0,0,0,2,0,0,0
"906","08031003004",2,0,3,0,0,0,0,0,0,0
"907","08031003101",0,0,0,0,0,0,0,0,0,0
"908","08031003102",0,0,2,1,0,0,2,0,1,0
"909","08123002004",0,0,1,1,0,0,0,0,0,0
"910","08123002005",0,0,0,0,0,0,0,0,1,0
"911","08123002019",0,0,1,0,0,0,0,0,2,0
"912","08123002018",0,0,0,0,0,0,0,0,0,0
"913","08123002006",0,0,0,0,0,0,0,0,0,0
"914","08005081000",0,0,2,0,0,0,0,1,2,0
"915","08005082400",0,0,1,0,0,0,0,0,1,0
"916","08005084500",0,0,0,0,0,0,1,0,0,0
"917","08085966202",0,0,1,1,0,0,2,0,3,0
"918","08085966501",0,0,2,1,0,0,0,0,1,0
"919","08085966503",0,0,0,0,0,0,0,0,1,1
"920","08085966201",0,0,0,0,0,0,0,0,0,0
"921","08085966602",0,0,0,1,0,0,0,0,1,0
"922","08085966601",0,0,0,0,0,0,0,0,0,0
"923","08085966502",0,0,0,0,0,0,0,0,0,0
"924","08059009852",0,0,1,1,0,0,1,0,1,0
"925","08059009850",0,0,0,2,0,0,0,0,1,0
"926","08059011402",1,0,2,0,0,0,1,0,1,0
"927","08081000500",0,0,3,1,0,0,0,0,4,0
"928","08081000400",0,0,1,0,0,0,1,0,2,0
"929","08081000300",0,0,0,0,0,0,0,1,1,1
"930","08059012059",0,0,0,0,0,0,1,0,1,0
"931","08015000402",0,0,1,2,0,0,0,1,4,0
"932","08015000401",1,0,3,2,0,0,0,0,0,1
"933","08035013911",0,0,0,0,0,0,1,0,3,0
"934","08035014009",0,0,0,0,0,0,1,0,1,0
"935","08035014012",0,0,0,1,0,0,1,0,1,0
"936","08035014013",0,0,0,1,0,0,1,0,1,0
"937","08035014604",0,0,0,1,0,0,0,0,2,0
"938","08035014506",0,0,0,1,0,0,0,0,0,0
"939","08035014125",0,0,1,1,0,0,1,0,1,0
"940","08035014137",0,0,0,0,0,0,1,0,4,0
"941","08035014131",0,0,4,1,0,0,2,0,2,0
"942","08035014135",0,0,0,2,0,0,0,0,3,0
"943","08035014204",0,0,0,0,0,0,0,0,0,0
"944","08035014406",0,0,1,1,0,0,7,0,3,0
"945","08035014203",0,0,1,0,0,0,0,0,2,0
"946","08035014136",0,0,4,0,0,0,0,0,1,0
"947","08035014128",0,0,2,1,0,0,0,0,3,0
"948","08035014404",0,0,0,2,0,0,0,0,0,0
"949","08035014403",0,0,0,2,0,0,0,0,1,0
"950","08035014603",0,0,1,1,0,0,0,0,1,0
"951","08035014505",0,0,2,0,0,0,2,0,2,0
"952","08035014405",0,0,0,0,0,0,0,0,4,0
"953","08005081100",0,0,2,0,0,0,0,0,0,0
"954","08005082000",1,0,1,1,0,0,0,0,1,0
"955","08005082200",0,0,1,0,0,0,0,0,1,0
"956","08005081400",0,0,1,1,0,0,8,0,2,0
"957","08005084100",0,0,2,0,0,0,0,0,1,0
"958","08005084200",0,0,1,1,0,0,0,0,2,0
"959","08005084300",0,0,1,0,0,0,1,0,0,0
"960","08005084400",0,0,0,0,0,0,0,0,1,0
"961","08005085700",0,0,0,0,0,0,0,0,1,0
"962","08005005632",0,0,1,0,0,0,1,0,1,0
"963","08005081500",0,0,0,0,0,0,0,0,0,0
"964","08019014800",0,0,2,1,0,0,0,0,1,0
"965","08019014700",0,0,0,4,0,0,0,0,3,0
"966","08019014900",0,0,1,5,0,0,0,1,1,0
"967","08081000600",0,0,0,3,0,0,0,0,1,0
"968","08113968200",0,0,1,2,0,0,0,0,1,0
"969","08005084800",0,0,0,0,0,0,0,0,0,0
"970","08005085800",0,0,0,0,0,0,0,0,0,0
"971","08123002103",0,0,0,2,0,0,0,0,3,0
"972","08117000401",1,0,3,2,0,0,0,1,2,0
"973","08117000402",0,0,4,1,0,0,0,0,1,0
"974","08005006856",0,0,7,1,0,1,0,2,3,3
"975","08005086300",0,0,1,1,0,0,0,0,1,0
"976","08005085200",0,0,1,0,0,0,3,0,1,0
"977","08005085300",0,0,1,0,0,0,0,0,0,0
"978","08005086600",0,0,2,2,0,0,0,0,0,0
"979","08005083600",0,0,0,0,0,0,0,0,1,0
"980","08005083100",0,0,0,0,0,0,3,0,1,0
"981","08005086000",0,0,0,0,0,0,0,0,5,0
"982","08005085000",0,0,3,0,0,0,0,0,0,0
"983","08005087000",0,0,6,0,0,0,0,0,0,0
"984","08005085500",0,0,0,0,0,0,0,0,1,0
"985","08005085600",0,0,0,1,0,0,0,0,1,0
"986","08005085100",0,0,0,0,0,0,1,0,2,0
"987","08005086100",0,0,0,1,0,0,0,0,0,0
"988","08005083700",0,0,0,0,0,0,2,0,0,0
"989","08005086700",0,0,1,0,0,0,0,0,2,0
"990","08005085900",0,0,0,0,0,0,0,0,3,0
"991","08005083200",0,0,0,0,0,0,0,0,1,0
"992","08005083000",0,1,0,0,0,0,1,0,1,0
"993","08005007301",0,0,1,0,0,0,1,0,0,0
"994","08005087100",0,0,1,0,0,0,1,0,0,0
"995","08005086900",1,0,0,0,0,0,0,0,0,0
"996","08005087300",0,0,0,0,0,0,4,0,0,0
"997","08005082900",0,1,0,0,0,0,1,0,0,0
"998","08005081700",0,0,2,1,0,0,0,0,4,0
"999","08015000100",0,0,2,2,0,0,1,0,0,0
"1000","08015000200",0,0,4,0,0,0,1,1,7,1
"1001","08015000300",0,0,0,2,0,0,0,0,0,0
"1002","08069001307",0,0,0,1,0,0,1,0,1,0
"1003","08069001606",0,0,1,0,0,0,0,0,0,0
"1004","08069002803",0,0,0,0,0,0,0,0,0,0
"1005","08069000401",0,0,0,0,0,0,0,0,1,0
"1006","08069000402",0,0,0,1,0,0,0,0,1,0
"1007","08069000504",1,0,0,0,0,0,0,0,1,0
"1008","08069000506",0,0,0,0,0,0,2,0,0,0
"1009","08069000801",0,0,1,0,0,0,1,0,2,0
"1010","08069000802",0,0,0,0,0,0,2,0,0,0
"1011","08069001809",0,0,1,0,0,0,0,0,2,0
"1012","08069002011",0,0,1,0,0,0,0,0,2,0
"1013","08069002501",0,0,0,1,0,0,1,0,2,0
"1014","08077001703",0,0,2,0,0,0,0,0,2,0
"1015","08101002915",0,0,0,0,0,0,0,0,1,0
"1016","08101980100",0,1,0,0,0,0,0,0,0,0
"1017","08101002912",0,0,4,0,0,0,3,0,0,0
"1018","08101003500",0,0,10,2,0,0,3,1,4,0
"1019","08049000201",0,0,4,4,0,0,0,0,4,0
"1020","08069001605",0,0,0,0,0,0,2,1,2,0
"1021","08069002401",0,0,0,4,0,0,0,0,2,0
"1022","08069000202",0,0,0,0,0,0,0,0,0,0
"1023","08069000505",0,0,0,0,0,0,0,0,0,0
"1024","08069001607",0,0,2,0,0,0,0,0,2,0
"1025","08069001608",0,0,0,1,0,0,0,0,3,0
"1026","08059009851",0,0,2,0,0,0,0,0,0,0
"1027","08059015900",0,0,1,0,0,0,3,1,4,0
"1028","08059011732",1,0,1,0,0,0,0,0,4,0
"1029","08059011733",0,0,3,0,0,0,0,0,4,0
"1030","08059011806",0,0,2,1,0,0,3,0,4,0
"1031","08059011805",1,0,4,0,0,0,1,0,0,0
"1032","08059012060",0,0,0,0,0,0,0,0,1,0
"1033","08059011401",0,0,2,0,0,0,3,0,0,0
"1034","08059015800",0,0,2,1,0,0,2,0,0,0
"1035","08045951702",2,0,8,1,0,0,3,1,2,0
"1036","08045951902",0,0,1,2,0,0,0,0,4,0
"1037","08035013907",0,0,2,0,0,0,0,0,0,0
"1038","08035014602",0,0,0,0,0,0,0,0,2,0
"1039","08035014202",0,0,0,5,0,0,0,0,0,0
"1040","08014030800",0,0,1,0,0,0,0,0,1,0
"1041","08014031400",0,0,1,1,0,0,0,0,1,0
"1042","08014031300",0,0,0,0,0,0,0,0,0,0
"1043","08014031100",1,0,5,0,2,0,1,1,0,2
"1044","08073961800",0,0,1,3,0,0,2,1,3,0
"1045","08073961700",0,0,3,2,0,0,2,1,2,1
"1046","08101001500",1,0,0,0,0,0,2,0,1,0
"1047","08101001600",1,0,0,0,0,0,2,0,0,0
"1048","08101001700",0,0,3,1,0,0,0,0,2,0
"1049","08013012102",0,0,2,0,0,0,2,0,2,0
"1050","08013012104",0,0,0,1,0,0,0,0,0,0
"1051","08013012101",0,0,0,0,0,0,1,0,2,0
"1052","08013012105",0,0,0,1,0,0,0,0,1,0
"1053","08053973100",0,0,1,1,0,0,0,0,1,0
"1054","08013012202",1,0,9,0,0,0,2,0,1,0
"1055","08013012203",1,0,7,0,0,0,1,0,0,0
"1056","08013012204",1,0,19,1,0,0,0,0,1,0
"1057","08013012300",2,0,0,0,0,0,0,0,0,0
"1058","08013012501",0,0,0,0,0,0,0,0,1,0
"1059","08013012505",0,0,0,0,0,0,0,0,1,0
"1060","08013012507",0,0,1,0,0,0,0,0,2,0
"1061","08101000500",0,0,3,0,0,0,2,0,0,0
"1062","08101000100",0,0,1,0,0,0,0,0,3,0
"1063","08101000300",0,0,0,0,0,0,0,6,1,0
"1064","08101000400",0,0,0,1,0,0,0,0,2,0
"1065","08103951100",0,0,2,1,0,0,1,1,3,1
"1066","08103951200",1,0,1,1,0,0,1,0,2,1
"1067","08041006100",0,0,0,0,0,0,0,0,2,0
"1068","08041006200",0,0,0,0,0,0,0,0,0,0
"1069","08035014107",0,0,0,0,0,0,0,0,1,0
"1070","08035013904",0,0,1,1,0,0,1,0,3,0
"1071","08035014503",0,0,5,0,0,0,7,0,5,0
"1072","08035014300",0,0,0,3,0,0,0,0,0,0
"1073","08035014001",1,0,3,0,2,0,0,0,4,2
"1074","08035013908",0,0,1,2,0,0,3,0,2,0
"1075","08035014108",0,0,0,0,0,0,0,0,1,0
"1076","08035014122",0,0,4,1,0,0,0,0,2,0
"1077","08035013909",0,0,1,1,0,0,0,0,2,0
"1078","08035014115",0,0,0,0,0,0,0,0,1,0
"1079","08041006400",0,0,0,0,0,0,0,0,4,0
"1080","08035014116",1,0,9,0,0,0,0,0,1,0
"1081","08035014123",0,0,3,0,0,0,0,1,0,0
"1082","08035013905",0,0,7,0,0,0,1,0,3,0
"1083","08031015700",0,0,0,0,0,0,2,0,3,0
"1084","08031001901",2,0,0,0,0,0,0,0,2,0
"1085","08031004504",0,0,0,0,0,0,0,0,1,0
"1086","08031004505",0,0,0,0,0,0,0,0,1,0
"1087","08031004506",0,0,0,0,0,0,0,0,7,0
"1088","08031008312",0,0,1,0,0,0,1,0,3,0
"1089","08031008387",0,0,0,0,0,0,0,0,4,0
"1090","08031004503",0,0,0,0,0,0,0,0,0,0
"1091","08031004306",0,0,0,0,0,0,1,0,1,0
"1092","08031008386",0,0,0,0,0,0,0,0,2,0
"1093","08031008389",0,0,3,1,0,0,1,0,5,0
"1094","08031008391",0,0,0,0,0,0,0,0,1,0
"1095","08031008390",0,0,1,0,0,0,0,0,2,0
"1096","08031015600",0,0,2,0,0,0,0,0,3,0
"1097","08035014010",0,0,1,0,0,0,2,0,1,0
"1098","08035014007",0,0,3,1,3,0,0,0,0,0
"1099","08035014126",0,0,5,0,0,0,0,0,0,0
"1100","08035014130",0,0,0,0,0,0,0,0,1,0
"1101","08035014008",1,0,1,0,0,0,0,0,1,0
"1102","08035014011",0,0,0,0,0,0,2,0,0,0
"1103","08035014127",0,0,0,0,0,0,2,0,1,0
"1104","08001007802",0,0,0,0,0,0,0,0,1,0
"1105","08001008550",0,0,1,1,0,0,0,0,1,0
"1106","08001008549",0,0,0,0,0,0,0,0,1,0
"1107","08001008545",0,0,1,0,0,0,1,0,1,0
"1108","08001008544",0,0,1,1,0,0,0,0,2,0
"1109","08001008547",0,0,0,0,0,0,1,0,1,0
"1110","08001008548",0,0,0,0,0,0,0,0,0,0
"1111","08001009207",0,0,0,0,0,0,0,0,0,0
"1112","08035014129",0,0,0,0,0,0,0,0,1,0
"1113","08035014124",0,0,0,0,0,0,1,0,1,0
"1114","08035014006",0,0,0,0,0,0,1,0,2,0
"1115","08001009327",0,0,0,0,0,0,0,0,1,0
"1116","08001009752",0,0,0,1,0,0,0,0,0,0
"1117","08001008536",0,0,0,0,0,0,0,0,0,0
"1118","08001008546",0,0,0,0,0,0,1,0,1,0
"1119","08001009206",0,0,1,0,0,0,0,0,0,0
"1120","08001009751",1,0,0,0,0,0,0,0,1,0
"1121","08001008709",0,0,3,1,0,0,0,0,5,0
"1122","08013013506",0,0,0,0,0,0,0,0,1,0
"1123","08013013508",0,0,2,1,0,0,0,0,2,0
"1124","08013061400",0,0,0,1,0,0,0,0,1,0
"1125","08031006701",0,0,2,0,0,0,2,0,0,0
"1126","08031000102",0,0,0,1,0,0,0,0,1,0
"1127","08031000202",0,0,0,0,0,0,0,0,1,0
"1128","08031000301",0,0,1,0,0,0,1,0,1,0
"1129","08031000302",0,0,0,0,0,0,0,0,2,0
"1130","08013061300",0,0,0,0,0,0,0,0,1,0
"1131","08013013212",0,0,4,1,0,0,3,0,1,0
"1132","08013013507",0,0,0,0,0,0,0,0,2,0
"1133","08123002007",0,0,2,1,0,0,0,0,2,1
"1134","08123001907",0,0,0,1,0,0,0,0,3,0
"1135","08123002014",0,0,0,0,0,0,0,0,3,0
"1136","08123002203",0,0,1,0,0,0,0,0,2,0
"1137","08123002209",0,0,0,0,0,0,0,0,0,0
"1138","08123002101",0,0,1,1,0,0,0,0,3,0
"1139","08123002102",0,0,2,1,0,0,0,0,3,0
"1140","08035013901",0,0,0,0,0,0,3,0,1,0
"1141","08035014109",0,0,1,0,0,0,2,0,0,0
"1142","08035014110",0,0,1,0,0,0,2,0,1,0
"1143","08035014112",0,0,0,0,0,0,0,0,1,0
"1144","08031000401",0,0,0,1,0,0,0,0,1,0
"1145","08035014113",0,0,1,0,0,0,1,0,0,0
"1146","08035014114",0,0,2,1,0,0,0,0,1,0
"1147","08031000501",0,0,0,0,0,0,0,0,0,0
"1148","08031000502",0,0,0,1,0,0,1,0,1,0
"1149","08031000600",0,0,0,0,0,0,0,0,2,0
"1150","08011966700",0,0,2,2,0,0,2,2,6,1
"1151","08041005110",0,0,1,1,0,0,0,0,4,0
"1152","08041005105",0,0,0,0,0,0,0,0,3,0
"1153","08123001410",1,0,5,0,0,0,1,0,0,0
"1154","08123001004",0,0,0,1,0,0,0,0,1,0
"1155","08123001416",0,0,2,1,0,0,0,0,3,0
"1156","08123001417",0,0,0,0,0,0,0,0,0,0
"1157","08031000904",0,0,0,0,0,0,0,0,1,0
"1158","08031003601",0,0,0,0,0,0,0,0,5,0
"1159","08031006812",0,0,4,0,0,0,1,0,0,0
"1160","08031001600",0,0,1,0,0,0,0,0,1,0
"1161","08031000701",0,0,0,0,0,0,2,0,1,0
"1162","08031002300",0,0,0,0,0,0,0,1,4,0
"1163","08031005102",0,0,0,0,0,0,0,0,0,0
"1164","08031001301",0,0,1,1,0,0,0,0,5,0
"1165","08031001302",0,0,0,0,0,0,0,0,0,0
"1166","08031001401",0,0,2,0,0,0,0,0,1,0
"1167","08031001402",0,0,0,0,0,0,0,0,1,0
"1168","08031001403",0,0,1,0,0,0,0,0,0,0
"1169","08123001408",1,0,1,1,0,0,2,0,4,0
"1170","08123001407",0,0,0,0,0,0,0,0,0,0
"1171","08005007302",0,0,5,0,0,0,1,0,2,0
"1172","08023972700",0,0,0,4,0,0,0,1,1,0
"1173","08069002005",0,0,3,1,0,0,2,0,3,0
"1174","08031005300",0,0,0,0,0,0,2,0,0,0
"1175","08031005502",0,0,0,0,0,0,1,0,0,0
"1176","08031005503",0,0,0,1,0,0,2,0,1,0
"1177","08031006804",0,0,8,0,0,0,0,0,0,0
"1178","08069002007",0,0,5,1,0,0,2,0,4,0
"1179","08069002008",0,0,0,0,0,0,3,0,1,0
"1180","08069001603",0,0,4,0,0,0,0,0,1,0
"1181","08014980300",0,0,0,0,0,0,0,0,0,0
"1182","08099000700",0,0,1,3,0,0,1,0,2,2
"1183","08031006809",0,0,2,1,0,0,1,0,1,0
"1184","08031006810",0,0,3,1,0,0,1,0,1,0
"1185","08031006811",1,0,1,0,0,0,1,0,2,0
"1186","08031006813",0,0,0,0,0,0,1,0,0,0
"1187","08059060300",0,0,0,0,0,0,1,0,1,0
"1188","08059009823",0,0,0,0,0,0,0,0,0,0
"1189","08031006901",0,0,1,0,0,0,7,0,1,0
"1190","08031007013",0,0,0,0,0,0,0,0,1,0
"1191","08031007037",0,0,0,0,0,0,2,0,0,0
"1192","08031007088",0,0,0,0,0,0,2,0,0,0
"1193","08031007089",0,0,0,0,0,0,0,0,0,0
"1194","08123000501",0,0,0,0,0,0,0,0,1,0
"1195","08001009320",0,0,0,2,0,0,1,0,1,0
"1196","08001009322",0,0,0,0,0,0,0,0,0,0
"1197","08001009323",0,0,2,1,0,0,0,0,3,0
"1198","08001009325",0,0,1,0,0,0,0,0,0,0
"1199","08001009401",0,0,0,0,0,0,0,0,3,0
"1200","08059009824",0,0,1,1,0,0,0,0,2,0
"1201","08051963900",0,0,0,2,0,0,0,0,1,0
"1202","08051963700",1,0,5,2,0,0,2,1,4,2
"1203","08051963600",0,0,0,3,0,0,0,0,0,0
"1204","08051963800",0,0,5,3,0,0,0,0,2,0
"1205","08031008304",0,0,0,0,0,0,0,0,1,0
"1206","08031008305",0,0,0,0,0,0,0,0,0,0
"1207","08031008306",0,0,0,1,0,0,2,0,0,0
"1208","08001009406",0,0,0,0,0,0,0,0,1,0
"1209","08001009407",0,0,1,2,0,0,2,0,1,0
"1210","08001009409",0,0,1,1,0,0,1,0,1,0
"1211","08001009410",0,0,0,0,0,0,1,0,0,0
"1212","08001009411",0,0,2,0,0,0,0,0,1,0
"1213","08001009501",0,0,1,0,0,0,0,0,1,0
"1214","08001009502",0,0,1,0,0,0,0,0,1,0
"1215","08001008000",0,0,0,0,0,0,0,0,3,0
"1216","08001008100",1,0,2,0,0,0,2,0,0,0
"1217","08001008200",0,0,0,1,0,0,0,1,2,0
"1218","08001008308",0,0,1,0,0,0,1,0,1,0
"1219","08001008309",0,0,4,0,0,0,0,0,0,0
"1220","08001008505",0,0,0,1,0,0,2,0,4,0
"1221","08001008506",0,0,2,0,0,0,5,0,0,0
"1222","08001008507",0,0,0,0,0,0,0,0,4,0
"1223","08031980000",0,0,0,4,0,0,0,0,1,6
"1224","08031011902",0,0,1,0,0,0,1,0,5,0
"1225","08031011903",0,0,0,0,0,0,0,0,0,0
"1226","08031012001",0,0,0,0,0,0,1,0,0,0
"1227","08001008508",0,0,0,0,0,0,1,0,1,0
"1228","08001008524",0,0,3,0,0,0,1,0,3,0
"1229","08001008526",0,0,0,0,0,0,1,0,2,0
"1230","08001060100",0,0,3,0,0,0,0,0,1,0
"1231","08001060200",3,0,6,1,0,0,1,0,1,0
"1232","08041005202",0,0,0,1,0,0,0,0,0,0
"1233","08041005300",0,0,0,0,0,0,1,0,0,0
"1234","08041005502",0,0,0,0,0,0,0,0,2,0
"1235","08031012014",0,0,0,1,0,0,0,0,0,0
"1236","08041005601",0,0,0,0,0,0,0,0,1,0
"1237","08041005602",0,0,1,0,0,0,1,0,0,0
"1238","08041006000",0,0,2,1,0,0,1,0,3,0
"1239","08111972600",0,0,1,1,0,0,0,0,3,0
"1240","08041006501",0,0,0,0,0,0,0,0,2,0
"1241","08041008000",1,0,3,0,0,0,1,0,2,0
"1242","08041003000",0,0,4,0,0,0,4,0,0,0
"1243","08041003701",1,2,2,4,0,0,1,0,1,0
"1244","08041003708",0,0,1,0,0,0,0,0,2,0
"1245","08041004008",1,1,1,1,0,0,0,0,4,3
"1246","08041004901",0,0,3,0,0,0,0,0,1,0
"1247","08041005900",1,0,2,0,0,0,1,0,2,0
"1248","08041002300",0,0,19,1,0,0,0,1,1,0
"1249","08041006600",0,0,2,0,0,0,0,0,1,0
